{
  "type": "datasource",
  "name": "Flux (InfluxDB) [BETA]",
  "id": "grafana-influxdb-flux-datasource",
  "defaultMatchFormat": "regex values",
  "metrics": true,
  "annotations": true,
  "alerting": false,
  "queryOptions": {
    "minInterval": true
  },
  "info": {
    "description": "InfluxDB Data Source for Flux Queries for Grafana",
    "author": {
      "name": "Grafana Labs",
      "url": "https://grafana.com"
    },
    "logos": {
      "small": "img/influxdb_logo.svg",
      "large": "img/influxdb_logo.svg"
    },
    "version": "5.4.1",
    "updated": "2019-10-29",
    "build": {
      "time": 1572329813617,
      "repo": "git@github.com:grafana/influxdb-flux-datasource.git",
      "branch": "master",
      "hash": "1ede07f4a439fe20a53c1c0863f0e19b53d55aae",
      "number": 192
    }
  },
  "routes": [
    {
      "path": "flux",
      "method": "POST",
      "url": "{{.JsonData.url}}",
      "headers": [
        {
          "name": "Authorization",
          "content": "Token {{.SecureJsonData.token}}"
        }
      ]
    }
  ],
  "dependencies": {
    "grafanaVersion": "6.4.x"
  }
}